1,-334.0530616576462,Jan  1,Tue
4,-368.9188452285485,Jan  1,Tue
7,-459.43418013856814,Jan  1,Tue
9,-334.6696088611977,Jan  1,Tue
11,63.45562074186223,Jan  1,Tue
13,-297.74902358610194,Jan  1,Tue
14,-251.01728890002505,Jan  1,Tue
15,-293.58505623995717,Jan  1,Tue
16,-302.0109079112769,Jan  1,Tue
17,-88.40050377833754,Jan  1,Tue
18,138.60380217660835,Jan  1,Tue
220,2.795983086680761,Jan  1,Tue
25,-90.25476070528967,Jan  1,Tue
27,-265.60544494108086,Jan  1,Tue
29,-174.98825804669153,Jan  1,Tue
31,-171.47977371357717,Jan  1,Tue
33,19.810965401785715,Jan  1,Tue
37,-142.25488092683975,Jan  1,Tue
38,-206.06670546301012,Jan  1,Tue
238,104.03801317790168,Jan  1,Tue
39,-319.83995565871066,Jan  1,Tue
40,-300.89903132063284,Jan  1,Tue
41,-66.409093145697,Jan  1,Tue
42,-137.82440880674096,Jan  1,Tue
44,-83.1027528337995,Jan  1,Tue
46,-239.03602131008597,Jan  1,Tue
49,-70.70599781897492,Jan  1,Tue
451,90.248382923674,Jan  1,Tue
53,168.40794223826714,Jan  1,Tue
54,-188.93114899269426,Jan  1,Tue
56,1.1474251093907775,Jan  1,Tue
59,157.48745674740485,Jan  1,Tue
63,207.46870569171563,Jan  1,Tue
65,-59.17270345948875,Jan  1,Tue
66,-120.4880694143167,Jan  1,Tue
67,25.563695249845775,Jan  1,Tue
68,190.0137997432606,Jan  1,Tue
271,42.265818952467455,Jan  1,Tue
272,-42.10278098167372,Jan  1,Tue
75,172.8891178895301,Jan  1,Tue
76,-19.869406737053797,Jan  1,Tue
79,-65.9327224219928,Jan  1,Tue
83,-338.49441164670145,Jan  1,Tue
84,63.87762480878877,Jan  1,Tue
102,-64.57554391619662,Jan  1,Tue
104,-14.845124282982791,Jan  1,Tue
120,136.17919320594478,Jan  1,Tue
122,-57.066527601877375,Jan  1,Tue
123,-120.89602169981917,Jan  1,Tue
130,-90.25862722791051,Jan  1,Tue
331,295.7757274662882,Jan  1,Tue
332,68.91624365482234,Jan  1,Tue
140,-303.4912137310993,Jan  1,Tue
145,-456.0973134621041,Jan  1,Tue
747,-93.95365202620724,Jan  1,Tue
150,-61.57024303497332,Jan  1,Tue
151,-181.43279246794873,Jan  1,Tue
171,-133.01433998100666,Jan  1,Tue
1,-223.6679332253644,Jan  2,Wed
4,-369.07523661638567,Jan  2,Wed
7,-416.04011347367305,Jan  2,Wed
9,-291.0100373764167,Jan  2,Wed
11,-151.05203271304967,Jan  2,Wed
13,-501.20975381123884,Jan  2,Wed
14,-318.732333413972,Jan  2,Wed
15,-298.72168034991694,Jan  2,Wed
16,-406.2122917513206,Jan  2,Wed
17,-204.1232038091999,Jan  2,Wed
18,95.69244363193175,Jan  2,Wed
220,290.5725239616613,Jan  2,Wed
25,28.522462281909363,Jan  2,Wed
27,-392.5923330362689,Jan  2,Wed
29,-201.67786194083178,Jan  2,Wed
31,-126.99372108393919,Jan  2,Wed
32,-235.69871159563925,Jan  2,Wed
33,-10.80729935628654,Jan  2,Wed
37,-258.7058877985558,Jan  2,Wed
38,-149.99215946843853,Jan  2,Wed
238,149.990878214459,Jan  2,Wed
39,-355.9892275821249,Jan  2,Wed
40,-194.08810692417146,Jan  2,Wed
41,-156.25662012518055,Jan  2,Wed
42,-317.3708009231558,Jan  2,Wed
44,-173.0476624668435,Jan  2,Wed
46,-463.1011874944751,Jan  2,Wed
49,-259.0417962003454,Jan  2,Wed
451,-24.790060559454005,Jan  2,Wed
51,317.3687732342007,Jan  2,Wed
53,215.2005444646098,Jan  2,Wed
54,-284.7972851492269,Jan  2,Wed
56,9.075853608668984,Jan  2,Wed
59,289.0626455519329,Jan  2,Wed
63,229.41404312154168,Jan  2,Wed
65,-339.8264535872152,Jan  2,Wed
66,-150.96301624251302,Jan  2,Wed
67,49.82733237317971,Jan  2,Wed
68,-27.352350653941322,Jan  2,Wed
271,-46.057128745472504,Jan  2,Wed
272,71.73420520596412,Jan  2,Wed
75,305.5072153254773,Jan  2,Wed
76,-151.48943634520933,Jan  2,Wed
79,3.360337387210671,Jan  2,Wed
83,-438.4087580593401,Jan  2,Wed
84,-134.77299942058843,Jan  2,Wed
102,19.991178275544645,Jan  2,Wed
104,-98.99951934631099,Jan  2,Wed
111,-51.77682926829268,Jan  2,Wed
114,-67.82671755725191,Jan  2,Wed
116,-776.8491124260355,Jan  2,Wed
118,673.3314285714285,Jan  2,Wed
120,170.88333164248758,Jan  2,Wed
122,-204.43754958867498,Jan  2,Wed
123,-169.57095290946566,Jan  2,Wed
130,-73.16953974895398,Jan  2,Wed
331,167.98,Jan  2,Wed
332,153.74296205630355,Jan  2,Wed
140,-365.2798887859129,Jan  2,Wed
142,-16.99368932038835,Jan  2,Wed
145,-477.2378195079817,Jan  2,Wed
747,-30.419853317414294,Jan  2,Wed
150,-187.11541140955183,Jan  2,Wed
151,-288.31241257110884,Jan  2,Wed
171,-269.93193648571804,Jan  2,Wed
1,-193.4859075535513,Jan  3,Thu
4,-218.19191720447034,Jan  3,Thu
7,-286.80298432671697,Jan  3,Thu
9,-191.8906881379269,Jan  3,Thu
11,-135.49567430025445,Jan  3,Thu
13,-353.35724899697857,Jan  3,Thu
14,-245.93269230769232,Jan  3,Thu
15,-274.14948746505445,Jan  3,Thu
16,-319.982057697654,Jan  3,Thu
17,-214.8885467453597,Jan  3,Thu
18,168.82668890742286,Jan  3,Thu
220,243.39244116947944,Jan  3,Thu
25,53.70566913971796,Jan  3,Thu
27,-283.55310391363025,Jan  3,Thu
29,-102.35858550067323,Jan  3,Thu
31,-77.32750662449781,Jan  3,Thu
32,-108.14612676056338,Jan  3,Thu
33,161.4082006642996,Jan  3,Thu
37,-176.49331081958695,Jan  3,Thu
38,-63.93268961300349,Jan  3,Thu
238,129.1024356707916,Jan  3,Thu
39,-272.5098576797486,Jan  3,Thu
40,-146.43704857452624,Jan  3,Thu
41,74.29988529479239,Jan  3,Thu
42,-251.23925175231037,Jan  3,Thu
44,-151.40650317495073,Jan  3,Thu
46,-420.2781864841745,Jan  3,Thu
49,-227.49476549413734,Jan  3,Thu
451,66.81604150039904,Jan  3,Thu
51,230.8696264975335,Jan  3,Thu
53,260.9333028780265,Jan  3,Thu
54,-204.29420289855074,Jan  3,Thu
56,39.32394366197183,Jan  3,Thu
59,139.06721935917545,Jan  3,Thu
63,290.7993450431676,Jan  3,Thu
65,-334.32700935777467,Jan  3,Thu
66,-95.95334840072717,Jan  3,Thu
67,124.66507953684666,Jan  3,Thu
68,47.645453335108506,Jan  3,Thu
271,2.670460168233548,Jan  3,Thu
272,171.30651705337897,Jan  3,Thu
75,361.05948346383076,Jan  3,Thu
76,-89.98913572239339,Jan  3,Thu
79,26.879791705878663,Jan  3,Thu
83,-397.47359735973595,Jan  3,Thu
84,31.53452209414025,Jan  3,Thu
86,0.0,Jan  3,Thu
102,171.2653358118484,Jan  3,Thu
104,-48.19473422752111,Jan  3,Thu
111,-25.24313186813187,Jan  3,Thu
114,-89.69335426478284,Jan  3,Thu
116,-635.7322834645669,Jan  3,Thu
118,-572.8733031674208,Jan  3,Thu
120,216.74024856596557,Jan  3,Thu
122,-150.60180812850626,Jan  3,Thu
123,-162.40792738670498,Jan  3,Thu
130,-68.53727810650888,Jan  3,Thu
331,206.87852664576803,Jan  3,Thu
332,228.92437487294166,Jan  3,Thu
140,-330.7824949944837,Jan  3,Thu
142,-98.08475316732198,Jan  3,Thu
145,-414.00705921814966,Jan  3,Thu
747,85.53748861327168,Jan  3,Thu
150,-128.13990046607157,Jan  3,Thu
151,-235.2821234290002,Jan  3,Thu
171,-232.03242743730834,Jan  3,Thu
1,-108.75622240706379,Jan  4,Fri
4,-248.8495330335524,Jan  4,Fri
7,-332.81590180015377,Jan  4,Fri
9,-137.31613434019923,Jan  4,Fri
11,-86.59194088565201,Jan  4,Fri
13,-355.6930675866862,Jan  4,Fri
14,-213.81069936221684,Jan  4,Fri
15,-227.60231510520615,Jan  4,Fri
16,-272.10450361321404,Jan  4,Fri
17,-150.23175371843652,Jan  4,Fri
18,161.75463860426476,Jan  4,Fri
220,228.78257773558033,Jan  4,Fri
25,58.90317145981734,Jan  4,Fri
27,-248.1900509029687,Jan  4,Fri
29,-123.38506318330256,Jan  4,Fri
31,-29.053888445880723,Jan  4,Fri
32,-159.34306569343065,Jan  4,Fri
33,93.84216663751384,Jan  4,Fri
37,-171.01289571486143,Jan  4,Fri
38,-63.2600622406639,Jan  4,Fri
238,136.21690438457475,Jan  4,Fri
39,-257.81045637626465,Jan  4,Fri
40,-170.27637327108994,Jan  4,Fri
41,-89.33514536136788,Jan  4,Fri
42,-200.9570694513509,Jan  4,Fri
44,-151.08129075781426,Jan  4,Fri
46,-419.44031589849817,Jan  4,Fri
49,-204.22878228782287,Jan  4,Fri
451,57.32224962999506,Jan  4,Fri
51,261.76237623762376,Jan  4,Fri
53,297.86737400530507,Jan  4,Fri
54,-189.6048380203436,Jan  4,Fri
56,50.741591468416736,Jan  4,Fri
59,140.1153675819309,Jan  4,Fri
63,291.5609920864698,Jan  4,Fri
65,-331.46733054930934,Jan  4,Fri
66,-42.46014621515967,Jan  4,Fri
67,114.09132923690983,Jan  4,Fri
68,91.93547283426851,Jan  4,Fri
271,62.22868093260939,Jan  4,Fri
272,216.49185102559335,Jan  4,Fri
75,420.70191540303273,Jan  4,Fri
76,-75.47943293668283,Jan  4,Fri
79,52.378694158075604,Jan  4,Fri
83,-390.3304724725874,Jan  4,Fri
84,-95.2380516508663,Jan  4,Fri
102,31.78493458233336,Jan  4,Fri
104,-60.87884757448904,Jan  4,Fri
111,110.75482912332838,Jan  4,Fri
114,-87.68621621621621,Jan  4,Fri
116,-579.1294964028777,Jan  4,Fri
118,-507.5173913043478,Jan  4,Fri
120,205.8268659772704,Jan  4,Fri
122,-107.07973466298638,Jan  4,Fri
123,-127.54410242252743,Jan  4,Fri
130,-31.792813969106785,Jan  4,Fri
331,254.103066439523,Jan  4,Fri
332,211.96801485761452,Jan  4,Fri
140,-289.09135760462743,Jan  4,Fri
142,-12.443286071726439,Jan  4,Fri
145,-403.76282385672056,Jan  4,Fri
747,-14.81572598457304,Jan  4,Fri
150,-147.91584733297205,Jan  4,Fri
151,-235.41016032634474,Jan  4,Fri
171,-213.79721838363125,Jan  4,Fri
1,-203.75854249745876,Jan  5,Sat
4,-224.81942175759556,Jan  5,Sat
7,-329.89135427470734,Jan  5,Sat
9,-262.2642432715834,Jan  5,Sat
11,254.37713269184118,Jan  5,Sat
13,-174.89699182526093,Jan  5,Sat
14,-143.41812675751677,Jan  5,Sat
15,-188.4187797395442,Jan  5,Sat
16,-246.21052066271045,Jan  5,Sat
17,50.28053115851108,Jan  5,Sat
18,196.03065752319483,Jan  5,Sat
220,121.29916976810765,Jan  5,Sat
25,83.29462967868902,Jan  5,Sat
27,-64.79137186001235,Jan  5,Sat
29,0.22339629698896576,Jan  5,Sat
31,-71.16128342245989,Jan  5,Sat
33,117.96916253036224,Jan  5,Sat
37,57.15809180418805,Jan  5,Sat
38,6.288528178004742,Jan  5,Sat
238,45.46209738640061,Jan  5,Sat
39,-189.68533023081878,Jan  5,Sat
40,-16.51294713788809,Jan  5,Sat
41,63.59384285813005,Jan  5,Sat
42,-145.52421278625954,Jan  5,Sat
44,17.412254160363087,Jan  5,Sat
46,-218.78001308044475,Jan  5,Sat
49,-14.46039408866995,Jan  5,Sat
451,169.9493290391841,Jan  5,Sat
53,177.48572744014734,Jan  5,Sat
54,-65.37269492073763,Jan  5,Sat
56,-8.311012844809433,Jan  5,Sat
59,196.33804776257824,Jan  5,Sat
63,247.92084292544715,Jan  5,Sat
65,56.06805432536168,Jan  5,Sat
66,-16.207842749249696,Jan  5,Sat
67,69.31592579628982,Jan  5,Sat
68,125.94432234432234,Jan  5,Sat
271,165.11794670846396,Jan  5,Sat
272,3.5014072310023816,Jan  5,Sat
75,464.2748916102533,Jan  5,Sat
76,-0.6009913258983891,Jan  5,Sat
79,-63.23302989033044,Jan  5,Sat
83,-216.83815620028787,Jan  5,Sat
84,172.61998826520633,Jan  5,Sat
102,86.86391592059167,Jan  5,Sat
104,-50.229828850855746,Jan  5,Sat
114,12.594356261022927,Jan  5,Sat
120,196.52478465789045,Jan  5,Sat
122,91.03440044071739,Jan  5,Sat
123,-95.01186466241013,Jan  5,Sat
130,-59.32591900840479,Jan  5,Sat
331,139.08465346534655,Jan  5,Sat
332,124.80959456590958,Jan  5,Sat
140,-258.57387332856433,Jan  5,Sat
145,-354.6398818061851,Jan  5,Sat
747,-30.57138575282246,Jan  5,Sat
150,-61.01875870940079,Jan  5,Sat
151,-162.41839896707555,Jan  5,Sat
171,-86.12570159027128,Jan  5,Sat
1,-261.7627063774684,Jan  6,Sun
4,-271.6275290743986,Jan  6,Sun
7,-293.24442042691163,Jan  6,Sun
9,-218.94776905960885,Jan  6,Sun
11,275.5586719608009,Jan  6,Sun
13,-110.99043284894245,Jan  6,Sun
14,-40.73685281943408,Jan  6,Sun
15,-195.251347033818,Jan  6,Sun
16,-148.10388440754954,Jan  6,Sun
17,39.66628131021194,Jan  6,Sun
18,340.9872319325648,Jan  6,Sun
220,114.77261864117446,Jan  6,Sun
25,-9.409130603531922,Jan  6,Sun
27,-110.37912838341197,Jan  6,Sun
29,-120.27621305075293,Jan  6,Sun
31,-80.57534027221777,Jan  6,Sun
33,235.6434171397675,Jan  6,Sun
37,-21.763206577595067,Jan  6,Sun
38,-62.676923076923075,Jan  6,Sun
238,87.02653271509531,Jan  6,Sun
39,-162.28051249604556,Jan  6,Sun
40,-100.37148708254568,Jan  6,Sun
41,46.888357256778306,Jan  6,Sun
42,-83.74043170687466,Jan  6,Sun
44,213.45278592375365,Jan  6,Sun
46,-198.41976926363765,Jan  6,Sun
49,-12.136392471981392,Jan  6,Sun
451,171.2578313253012,Jan  6,Sun
53,137.01293103448276,Jan  6,Sun
54,-23.349129796603062,Jan  6,Sun
56,56.57430201140799,Jan  6,Sun
59,184.77418032786886,Jan  6,Sun
63,266.54061117812626,Jan  6,Sun
65,265.60316312697694,Jan  6,Sun
66,-11.628585757271816,Jan  6,Sun
67,108.08934145978891,Jan  6,Sun
68,220.8615056818182,Jan  6,Sun
271,98.80505617977528,Jan  6,Sun
272,35.031233998975935,Jan  6,Sun
75,347.20129067691886,Jan  6,Sun
76,53.60569001029866,Jan  6,Sun
79,7.295158286778398,Jan  6,Sun
83,-284.6144606144606,Jan  6,Sun
84,147.8927957699934,Jan  6,Sun
102,133.1231135822081,Jan  6,Sun
104,-63.89867549668874,Jan  6,Sun
120,157.02668759811618,Jan  6,Sun
122,9.439358578634344,Jan  6,Sun
123,-86.58903133903134,Jan  6,Sun
130,-36.631888041984254,Jan  6,Sun
331,19.651894210150108,Jan  6,Sun
332,41.26772180115916,Jan  6,Sun
140,-208.8415018931426,Jan  6,Sun
145,-321.47815122197255,Jan  6,Sun
747,-46.267576402220726,Jan  6,Sun
150,82.03268164575431,Jan  6,Sun
151,-115.10780026441574,Jan  6,Sun
171,-33.56204044117647,Jan  6,Sun
1,-220.88639357631266,Jan  7,Mon
4,-226.74089116257272,Jan  7,Mon
7,-306.3420755629602,Jan  7,Mon
9,-120.18343157961101,Jan  7,Mon
11,-9.342939481268012,Jan  7,Mon
13,-332.9600536592637,Jan  7,Mon
14,-178.93856243441763,Jan  7,Mon
15,-165.40718814149457,Jan  7,Mon
16,-271.25989935654184,Jan  7,Mon
17,-52.103049257232215,Jan  7,Mon
18,326.45226717638315,Jan  7,Mon
220,301.9306603773585,Jan  7,Mon
25,134.7211481134486,Jan  7,Mon
27,-214.19095390813433,Jan  7,Mon
29,-100.29634593679458,Jan  7,Mon
31,-40.45525209191692,Jan  7,Mon
32,-72.55954323001632,Jan  7,Mon
33,127.26097519633878,Jan  7,Mon
37,-147.25069674850695,Jan  7,Mon
38,-5.958938317372052,Jan  7,Mon
238,132.2767188903303,Jan  7,Mon
39,-216.20406729037643,Jan  7,Mon
40,-115.35361056476539,Jan  7,Mon
41,-76.68064247471743,Jan  7,Mon
42,-175.3351969188719,Jan  7,Mon
44,-182.9289395859738,Jan  7,Mon
46,-337.8834297419327,Jan  7,Mon
49,-128.23433874709977,Jan  7,Mon
451,60.216097654014874,Jan  7,Mon
51,452.9804336329984,Jan  7,Mon
53,253.60384263494967,Jan  7,Mon
54,-215.8038261166624,Jan  7,Mon
56,84.66767128792445,Jan  7,Mon
59,175.0843949044586,Jan  7,Mon
63,300.890525678539,Jan  7,Mon
65,-222.2295081967213,Jan  7,Mon
66,-37.73953242303623,Jan  7,Mon
67,195.75132508833923,Jan  7,Mon
68,127.03612445186887,Jan  7,Mon
271,112.88881390248018,Jan  7,Mon
272,175.79928680590933,Jan  7,Mon
75,398.5816367960095,Jan  7,Mon
76,-48.74699663623258,Jan  7,Mon
79,51.87694962925083,Jan  7,Mon
83,-326.9103122207167,Jan  7,Mon
84,90.0715725105969,Jan  7,Mon
102,131.46227444397817,Jan  7,Mon
104,-56.93606200048438,Jan  7,Mon
111,6.757363253856942,Jan  7,Mon
114,42.3033737480232,Jan  7,Mon
116,151.27176220806794,Jan  7,Mon
118,125.4218009478673,Jan  7,Mon
120,262.0363545317977,Jan  7,Mon
122,-20.842293179697325,Jan  7,Mon
123,-148.68764893386563,Jan  7,Mon
130,-39.88895141624461,Jan  7,Mon
331,150.78752598752598,Jan  7,Mon
332,386.3361665958351,Jan  7,Mon
140,-256.140356726121,Jan  7,Mon
142,112.24303073624017,Jan  7,Mon
145,-336.42516131877176,Jan  7,Mon
747,-5.649866206008874,Jan  7,Mon
150,-108.41594342655095,Jan  7,Mon
151,-205.72790286342558,Jan  7,Mon
171,-104.5141162934773,Jan  7,Mon
1,-159.5436856640723,Jan  8,Tue
4,-172.32901617911423,Jan  8,Tue
7,-240.17033383915023,Jan  8,Tue
9,-75.96760955591382,Jan  8,Tue
11,220.46161192762773,Jan  8,Tue
13,-315.6486200850287,Jan  8,Tue
14,-107.76152686294739,Jan  8,Tue
15,-158.79164826703806,Jan  8,Tue
16,-115.94683186951066,Jan  8,Tue
17,81.34080416351884,Jan  8,Tue
18,384.98087359713367,Jan  8,Tue
220,203.07980900409277,Jan  8,Tue
25,163.27296422300265,Jan  8,Tue
27,-188.05997572564817,Jan  8,Tue
29,-58.6635950945186,Jan  8,Tue
31,1.6426726510564424,Jan  8,Tue
32,-1.7814814814814814,Jan  8,Tue
33,169.1343025268259,Jan  8,Tue
37,-108.76188989024716,Jan  8,Tue
38,23.727601809954752,Jan  8,Tue
238,171.15303318537306,Jan  8,Tue
39,-168.96121150047554,Jan  8,Tue
40,-129.23309109503074,Jan  8,Tue
41,-57.26093496875723,Jan  8,Tue
42,-80.25069893412545,Jan  8,Tue
44,-108.81971454803438,Jan  8,Tue
46,-318.3061979781688,Jan  8,Tue
49,-69.70650977153868,Jan  8,Tue
51,588.3949206349206,Jan  8,Tue
451,99.76444275245075,Jan  8,Tue
53,206.41236162361625,Jan  8,Tue
54,-150.10689719278676,Jan  8,Tue
56,84.92850069320657,Jan  8,Tue
59,177.70100209741318,Jan  8,Tue
63,363.1273419203747,Jan  8,Tue
65,-178.5132743362832,Jan  8,Tue
66,3.61266137040715,Jan  8,Tue
67,185.17777193904362,Jan  8,Tue
68,114.08521809369951,Jan  8,Tue
271,99.20201213669755,Jan  8,Tue
272,163.8755830076894,Jan  8,Tue
75,501.8512656419633,Jan  8,Tue
76,-3.9356626910801276,Jan  8,Tue
79,65.5907087770841,Jan  8,Tue
83,-180.11589781604607,Jan  8,Tue
84,-71.45146490135676,Jan  8,Tue
102,53.90090820629257,Jan  8,Tue
104,-103.46386596649162,Jan  8,Tue
111,-11.617367706919946,Jan  8,Tue
114,55.660235798499464,Jan  8,Tue
116,312.83892617449663,Jan  8,Tue
118,-3.1067961165048543,Jan  8,Tue
120,292.68616815187914,Jan  8,Tue
122,-50.71609954291519,Jan  8,Tue
123,-119.2551476626418,Jan  8,Tue
130,-30.318763523956722,Jan  8,Tue
331,116.56085319949811,Jan  8,Tue
332,213.56965749106956,Jan  8,Tue
140,-226.79076502958335,Jan  8,Tue
142,211.21222100256128,Jan  8,Tue
145,-332.35885153531444,Jan  8,Tue
747,-77.40394473300064,Jan  8,Tue
150,-60.49924453280318,Jan  8,Tue
151,-173.49540585574863,Jan  8,Tue
171,-102.46112945414005,Jan  8,Tue
1,-100.7549711768897,Jan  9,Wed
4,-164.5459141943639,Jan  9,Wed
7,-253.995605660328,Jan  9,Wed
9,-91.33630668860599,Jan  9,Wed
11,80.47763772175537,Jan  9,Wed
13,-248.67242871568016,Jan  9,Wed
14,-53.00782167645489,Jan  9,Wed
15,-157.7878497059513,Jan  9,Wed
16,-213.5646020914927,Jan  9,Wed
17,58.48936700448579,Jan  9,Wed
18,339.16326640469396,Jan  9,Wed
220,363.3297237569061,Jan  9,Wed
25,226.71515067735692,Jan  9,Wed
27,-152.22182008231528,Jan  9,Wed
29,-21.608604407135363,Jan  9,Wed
31,39.660855057351405,Jan  9,Wed
32,8.893764434180138,Jan  9,Wed
33,103.81230613050589,Jan  9,Wed
37,-61.83782708628006,Jan  9,Wed
38,37.945056075727955,Jan  9,Wed
238,200.46108691535693,Jan  9,Wed
39,-155.40403723928029,Jan  9,Wed
40,-54.65912772683664,Jan  9,Wed
41,-8.160377358490566,Jan  9,Wed
42,-93.7918909532905,Jan  9,Wed
44,-109.85107981220658,Jan  9,Wed
46,-261.7006323268206,Jan  9,Wed
49,-61.544641665554515,Jan  9,Wed
451,54.25263384218448,Jan  9,Wed
51,627.1364063969896,Jan  9,Wed
53,242.62189616252823,Jan  9,Wed
54,-116.33262935586062,Jan  9,Wed
56,77.06854023453296,Jan  9,Wed
59,167.39184746877055,Jan  9,Wed
63,395.7184907950637,Jan  9,Wed
65,-202.78086161375492,Jan  9,Wed
66,-16.246537941212644,Jan  9,Wed
67,208.36292966684294,Jan  9,Wed
68,114.2100710741585,Jan  9,Wed
271,91.4405705229794,Jan  9,Wed
272,239.72662581537853,Jan  9,Wed
75,463.87943177030036,Jan  9,Wed
76,-74.45663325704365,Jan  9,Wed
79,57.94623374926504,Jan  9,Wed
83,-285.49738368786257,Jan  9,Wed
84,139.31241821062056,Jan  9,Wed
102,91.14122070654075,Jan  9,Wed
104,-10.728843264897346,Jan  9,Wed
111,22.63953488372093,Jan  9,Wed
114,43.2995444191344,Jan  9,Wed
116,67.18705035971223,Jan  9,Wed
118,116.8743961352657,Jan  9,Wed
120,251.54786685419597,Jan  9,Wed
122,58.01313678734012,Jan  9,Wed
123,-67.25322395301328,Jan  9,Wed
130,0.9974860335195531,Jan  9,Wed
331,58.29981851179674,Jan  9,Wed
332,162.33075435203094,Jan  9,Wed
140,-210.38964521452147,Jan  9,Wed
142,249.4815760671288,Jan  9,Wed
145,-303.11061145740575,Jan  9,Wed
747,-37.55822664124217,Jan  9,Wed
150,89.10859872611465,Jan  9,Wed
151,-176.95233389798608,Jan  9,Wed
171,-93.13666494490359,Jan  9,Wed
1,-103.4681385169928,Jan 10,Thu
4,-164.04793233082708,Jan 10,Thu
7,-194.78950206238375,Jan 10,Thu
9,-84.53024890527772,Jan 10,Thu
11,112.66717767898206,Jan 10,Thu
13,-198.46814531733747,Jan 10,Thu
14,-79.02683251192991,Jan 10,Thu
15,-154.01031263691206,Jan 10,Thu
16,-188.24768173630724,Jan 10,Thu
17,61.715174682193975,Jan 10,Thu
18,328.9098638540602,Jan 10,Thu
220,331.88329238329237,Jan 10,Thu
25,194.63323655467994,Jan 10,Thu
27,-126.62852115005491,Jan 10,Thu
29,-46.32664896590274,Jan 10,Thu
31,-20.363601253057546,Jan 10,Thu
32,-21.131386861313867,Jan 10,Thu
33,246.57880047844165,Jan 10,Thu
37,-77.48191579542244,Jan 10,Thu
38,92.33540388746539,Jan 10,Thu
238,167.5497308019269,Jan 10,Thu
39,-158.87015201433442,Jan 10,Thu
40,-90.58578473313318,Jan 10,Thu
41,-13.540435222672064,Jan 10,Thu
42,-148.04120443740095,Jan 10,Thu
44,-125.7615766030759,Jan 10,Thu
46,-288.2570684367517,Jan 10,Thu
49,-39.55304835318851,Jan 10,Thu
451,70.69583293962015,Jan 10,Thu
51,587.7465162574651,Jan 10,Thu
53,207.48048656867715,Jan 10,Thu
54,-126.43550526036601,Jan 10,Thu
56,240.60807860262008,Jan 10,Thu
59,193.88581157775255,Jan 10,Thu
63,330.0292903101892,Jan 10,Thu
65,-217.55511035653652,Jan 10,Thu
66,11.688502907339473,Jan 10,Thu
67,235.85633180886296,Jan 10,Thu
68,114.89591521617069,Jan 10,Thu
271,98.35710881652105,Jan 10,Thu
272,193.41231805758596,Jan 10,Thu
75,433.5825448706921,Jan 10,Thu
76,-20.501972853535353,Jan 10,Thu
79,60.429281013286975,Jan 10,Thu
83,-203.0080833029274,Jan 10,Thu
84,89.54555710398832,Jan 10,Thu
102,84.57666237666238,Jan 10,Thu
104,-12.383620689655173,Jan 10,Thu
111,14.876543209876543,Jan 10,Thu
114,128.7544654758731,Jan 10,Thu
116,307.8041958041958,Jan 10,Thu
118,2.585714285714286,Jan 10,Thu
120,258.46117073170734,Jan 10,Thu
122,6.504438934655683,Jan 10,Thu
123,-47.941633966132855,Jan 10,Thu
130,-24.78651439812032,Jan 10,Thu
331,183.2496136012365,Jan 10,Thu
332,96.2741935483871,Jan 10,Thu
140,-190.79951058257845,Jan 10,Thu
142,270.5229927007299,Jan 10,Thu
145,-309.7117959586991,Jan 10,Thu
747,-53.56489001986963,Jan 10,Thu
150,-59.97034092646384,Jan 10,Thu
151,-137.34564709391935,Jan 10,Thu
171,-58.734885690093144,Jan 10,Thu
1,79.17424908885258,Jan 11,Fri
4,31.844124700239806,Jan 11,Fri
7,-113.54086067094175,Jan 11,Fri
9,78.59184542049711,Jan 11,Fri
11,143.38736585365854,Jan 11,Fri
13,-117.91705775308878,Jan 11,Fri
14,-31.007566999474513,Jan 11,Fri
15,-74.2383659671613,Jan 11,Fri
16,-128.1515332655867,Jan 11,Fri
17,37.64181879648411,Jan 11,Fri
18,412.04745943069963,Jan 11,Fri
220,415.2638497652582,Jan 11,Fri
25,250.25641095442913,Jan 11,Fri
27,-56.78025970010821,Jan 11,Fri
29,0.6276972177894956,Jan 11,Fri
31,33.68254691577945,Jan 11,Fri
32,-70.76875,Jan 11,Fri
33,255.90314450999483,Jan 11,Fri
37,-11.700379772136717,Jan 11,Fri
238,235.97005099675476,Jan 11,Fri
38,89.0840430022097,Jan 11,Fri
39,-121.02316585408578,Jan 11,Fri
40,-31.33560495346512,Jan 11,Fri
41,16.14869310912082,Jan 11,Fri
42,-81.32166201756942,Jan 11,Fri
44,-49.070455943073,Jan 11,Fri
46,-254.1793342915285,Jan 11,Fri
49,-22.103288622591407,Jan 11,Fri
451,119.80970837947582,Jan 11,Fri
51,616.840819022457,Jan 11,Fri
53,289.60189125295506,Jan 11,Fri
54,-96.22577345947327,Jan 11,Fri
56,191.8579766536965,Jan 11,Fri
59,207.9970661250282,Jan 11,Fri
63,477.19390872637007,Jan 11,Fri
65,-141.23936760959037,Jan 11,Fri
66,47.410938222904036,Jan 11,Fri
67,272.98341718862304,Jan 11,Fri
68,249.6363201421639,Jan 11,Fri
271,147.49346254422397,Jan 11,Fri
272,226.6921610820781,Jan 11,Fri
75,621.5705378020265,Jan 11,Fri
76,53.861331656316324,Jan 11,Fri
79,146.94635378171964,Jan 11,Fri
83,-150.48452754781616,Jan 11,Fri
84,-38.07798937686229,Jan 11,Fri
102,125.735658558972,Jan 11,Fri
104,8.244753538311372,Jan 11,Fri
111,3.9122257053291536,Jan 11,Fri
114,101.33934377771209,Jan 11,Fri
116,139.90947368421052,Jan 11,Fri
118,90.34482758620689,Jan 11,Fri
120,300.2903398447953,Jan 11,Fri
122,35.06702001839765,Jan 11,Fri
123,-4.570542191676212,Jan 11,Fri
130,-1.3607431429670753,Jan 11,Fri
331,199.6934509986066,Jan 11,Fri
332,252.71715875053488,Jan 11,Fri
140,-182.80808412750577,Jan 11,Fri
142,315.0935330654001,Jan 11,Fri
145,-288.0666162783805,Jan 11,Fri
747,41.64343070746227,Jan 11,Fri
150,39.50388915896937,Jan 11,Fri
151,-13.005892807033954,Jan 11,Fri
171,-74.68553566840798,Jan 11,Fri
1,-106.18024126783884,Jan 12,Sat
4,82.67442803829304,Jan 12,Sat
7,-134.0478114991612,Jan 12,Sat
9,-256.8717483363581,Jan 12,Sat
11,379.8923104150075,Jan 12,Sat
13,-27.890584425993012,Jan 12,Sat
14,-3.9630163502326923,Jan 12,Sat
15,-78.61065892395322,Jan 12,Sat
16,-145.8198772365156,Jan 12,Sat
17,84.96161791888659,Jan 12,Sat
18,309.0381594605315,Jan 12,Sat
220,95.56219272369715,Jan 12,Sat
25,96.67813953488373,Jan 12,Sat
27,4.2407026892767625,Jan 12,Sat
29,82.61516938143299,Jan 12,Sat
31,-10.917177097203728,Jan 12,Sat
33,212.77555110220442,Jan 12,Sat
37,102.53964643182114,Jan 12,Sat
38,33.0949864436377,Jan 12,Sat
238,70.80004344520474,Jan 12,Sat
39,-164.73004764446554,Jan 12,Sat
40,-48.379818661587606,Jan 12,Sat
41,133.47863465579826,Jan 12,Sat
42,-15.362589847259658,Jan 12,Sat
44,127.08154919413039,Jan 12,Sat
46,-186.55548589341691,Jan 12,Sat
49,26.537136373014235,Jan 12,Sat
451,201.4279960814194,Jan 12,Sat
53,211.281120808452,Jan 12,Sat
54,-79.36981934112646,Jan 12,Sat
56,-45.71177838866568,Jan 12,Sat
59,235.13642564802183,Jan 12,Sat
63,318.18089773877824,Jan 12,Sat
65,-139.5653725690145,Jan 12,Sat
66,11.916986627830001,Jan 12,Sat
67,133.42907476569656,Jan 12,Sat
68,203.09672249378957,Jan 12,Sat
271,156.8321357285429,Jan 12,Sat
272,51.87327102803739,Jan 12,Sat
75,393.1128558749232,Jan 12,Sat
76,61.418535659190695,Jan 12,Sat
79,-76.77231129658101,Jan 12,Sat
83,-140.1751562558479,Jan 12,Sat
84,110.38428278023997,Jan 12,Sat
102,84.99476889444098,Jan 12,Sat
104,-72.18721461187215,Jan 12,Sat
114,-83.96677419354839,Jan 12,Sat
120,231.429586399391,Jan 12,Sat
122,105.63706912109727,Jan 12,Sat
123,-88.8108704648917,Jan 12,Sat
130,-24.224573490813647,Jan 12,Sat
331,314.8085427135678,Jan 12,Sat
332,275.18375870069605,Jan 12,Sat
140,-210.1903718650908,Jan 12,Sat
145,-268.95333848164427,Jan 12,Sat
747,-26.746902595440353,Jan 12,Sat
150,-30.594515815610492,Jan 12,Sat
151,-11.25082636593428,Jan 12,Sat
171,65.73878437047757,Jan 12,Sat
1,-127.69506146215225,Jan 13,Sun
4,-306.69038861346553,Jan 13,Sun
7,-352.62832806557026,Jan 13,Sun
9,-214.5781653376169,Jan 13,Sun
11,352.6088514752459,Jan 13,Sun
13,-101.98974333564563,Jan 13,Sun
14,13.550804071553333,Jan 13,Sun
15,-129.70817982807412,Jan 13,Sun
16,-25.207042751148276,Jan 13,Sun
17,-3.78974158183242,Jan 13,Sun
18,259.18481355932204,Jan 13,Sun
220,62.38331280788177,Jan 13,Sun
25,15.205326274848746,Jan 13,Sun
27,-40.33069853517769,Jan 13,Sun
29,-52.60852329038652,Jan 13,Sun
31,-71.26060272248013,Jan 13,Sun
33,270.03702229299364,Jan 13,Sun
37,22.150950911082347,Jan 13,Sun
38,-70.74160583941605,Jan 13,Sun
238,60.98817522171459,Jan 13,Sun
39,-159.11452014558458,Jan 13,Sun
40,-79.6749937154349,Jan 13,Sun
41,111.57744433688286,Jan 13,Sun
42,28.463718100081735,Jan 13,Sun
44,326.8415300546448,Jan 13,Sun
46,-113.58366804578262,Jan 13,Sun
49,-99.1622495151907,Jan 13,Sun
451,148.78179650238474,Jan 13,Sun
53,74.61813368630047,Jan 13,Sun
54,64.0046904315197,Jan 13,Sun
56,-5.5549533273110505,Jan 13,Sun
59,296.3475318471338,Jan 13,Sun
63,279.97157672364125,Jan 13,Sun
65,-15.134172469201928,Jan 13,Sun
66,22.905040682675136,Jan 13,Sun
67,48.21525584333544,Jan 13,Sun
68,172.70642479213907,Jan 13,Sun
271,96.62776659959759,Jan 13,Sun
272,-13.039050535987748,Jan 13,Sun
75,330.15842725409834,Jan 13,Sun
76,53.94972931167827,Jan 13,Sun
79,-37.37698548737287,Jan 13,Sun
83,-256.48150673257203,Jan 13,Sun
84,80.59055118110236,Jan 13,Sun
102,-20.34276409525748,Jan 13,Sun
104,-42.95621827411168,Jan 13,Sun
120,205.1807326452135,Jan 13,Sun
122,17.25262517120682,Jan 13,Sun
123,-42.069859961807765,Jan 13,Sun
130,-31.955070125356833,Jan 13,Sun
331,-97.50919732441471,Jan 13,Sun
332,60.29874686716792,Jan 13,Sun
140,-197.69224193203675,Jan 13,Sun
145,-278.31011925952293,Jan 13,Sun
747,-42.18799615715225,Jan 13,Sun
150,91.23550401427298,Jan 13,Sun
151,-45.018468059339995,Jan 13,Sun
171,-91.79768573790064,Jan 13,Sun
1,-182.47935632773434,Jan 14,Mon
4,-227.88976982097188,Jan 14,Mon
7,-306.2304641754498,Jan 14,Mon
9,-94.58800402898268,Jan 14,Mon
11,59.440920304082965,Jan 14,Mon
13,-237.07242690573926,Jan 14,Mon
14,-134.50673246016956,Jan 14,Mon
15,-158.35413069162956,Jan 14,Mon
16,-237.45121269029448,Jan 14,Mon
17,37.01843707713126,Jan 14,Mon
18,307.39598823214766,Jan 14,Mon
220,375.8080208827717,Jan 14,Mon
25,146.83032261628549,Jan 14,Mon
27,-199.9000969416889,Jan 14,Mon
29,-56.15325163626236,Jan 14,Mon
31,-4.327057535169741,Jan 14,Mon
32,-20.104268719384184,Jan 14,Mon
33,123.72810043544648,Jan 14,Mon
37,-130.93672566371683,Jan 14,Mon
38,29.47243794731232,Jan 14,Mon
238,111.04113955573264,Jan 14,Mon
39,-207.2641321539453,Jan 14,Mon
40,-144.85877211681944,Jan 14,Mon
41,-63.00225952227243,Jan 14,Mon
42,-174.23268118616957,Jan 14,Mon
44,-46.55875430019917,Jan 14,Mon
46,-303.54592469119973,Jan 14,Mon
49,-125.165755273063,Jan 14,Mon
451,49.22856604484643,Jan 14,Mon
51,361.07100591715977,Jan 14,Mon
53,205.04534829359514,Jan 14,Mon
54,-155.12149018168472,Jan 14,Mon
56,110.9828074433657,Jan 14,Mon
59,174.1145953424026,Jan 14,Mon
63,302.8052798920898,Jan 14,Mon
65,-216.13508853372238,Jan 14,Mon
66,18.476076081034225,Jan 14,Mon
67,226.31953314247963,Jan 14,Mon
68,130.6962917768287,Jan 14,Mon
271,45.8157549950868,Jan 14,Mon
272,150.50773162939296,Jan 14,Mon
75,454.66684165627663,Jan 14,Mon
76,-76.0612636674735,Jan 14,Mon
79,64.00781962726444,Jan 14,Mon
83,-316.3328333286163,Jan 14,Mon
84,79.319505628977,Jan 14,Mon
102,11.89763350459287,Jan 14,Mon
104,-20.798922361009062,Jan 14,Mon
111,-5.440460947503201,Jan 14,Mon
114,73.97848626231207,Jan 14,Mon
116,113.89787234042554,Jan 14,Mon
118,179.45701357466064,Jan 14,Mon
120,291.2855239364233,Jan 14,Mon
122,-34.95362861301726,Jan 14,Mon
123,-138.59126529628068,Jan 14,Mon
130,-34.72384010630052,Jan 14,Mon
331,61.24248578391551,Jan 14,Mon
332,102.75140875596013,Jan 14,Mon
140,-261.22268679182173,Jan 14,Mon
142,71.94546094299788,Jan 14,Mon
145,-359.7654435876983,Jan 14,Mon
747,-60.77454160549049,Jan 14,Mon
150,-72.20653573728268,Jan 14,Mon
151,-196.39186822549345,Jan 14,Mon
171,-126.54602319621216,Jan 14,Mon
1,-164.5401820046142,Jan 15,Tue
4,-123.32427856578502,Jan 15,Tue
7,-256.65789822246944,Jan 15,Tue
9,71.09659951088855,Jan 15,Tue
11,108.09170284135753,Jan 15,Tue
13,-209.70467076340142,Jan 15,Tue
14,-24.634763028675295,Jan 15,Tue
15,-119.66022365649232,Jan 15,Tue
16,-197.00429226995806,Jan 15,Tue
17,42.22757905650596,Jan 15,Tue
18,335.73341556282514,Jan 15,Tue
220,444.5313885647608,Jan 15,Tue
25,253.9199075442793,Jan 15,Tue
27,-150.6981379896469,Jan 15,Tue
29,-20.212272883099075,Jan 15,Tue
31,19.309378398728352,Jan 15,Tue
32,51.51201098146877,Jan 15,Tue
33,150.31965811965813,Jan 15,Tue
37,-77.04599651676864,Jan 15,Tue
238,183.51093518060367,Jan 15,Tue
38,84.1405726274851,Jan 15,Tue
39,-163.89199219609512,Jan 15,Tue
40,-70.9099820935385,Jan 15,Tue
41,-74.72783052669294,Jan 15,Tue
42,-168.12343697194999,Jan 15,Tue
44,-151.85749595158953,Jan 15,Tue
46,-285.1590638865528,Jan 15,Tue
49,-45.44517590429674,Jan 15,Tue
451,143.4643280632411,Jan 15,Tue
51,566.5430292598967,Jan 15,Tue
53,217.95496750232127,Jan 15,Tue
54,-123.0999055063998,Jan 15,Tue
56,187.70062695924764,Jan 15,Tue
59,172.85297955632885,Jan 15,Tue
63,373.83574926542605,Jan 15,Tue
65,-161.09164997582707,Jan 15,Tue
66,65.52086738054004,Jan 15,Tue
67,367.58090411921125,Jan 15,Tue
68,185.93058799973304,Jan 15,Tue
271,136.70580747812252,Jan 15,Tue
272,265.1543696922243,Jan 15,Tue
75,554.9523220510514,Jan 15,Tue
76,-49.43985974068335,Jan 15,Tue
79,53.75048696198555,Jan 15,Tue
83,-267.3019261094841,Jan 15,Tue
84,-7.456200227531285,Jan 15,Tue
102,64.83282722105427,Jan 15,Tue
104,9.507096774193549,Jan 15,Tue
111,36.44285714285714,Jan 15,Tue
114,123.56277412280701,Jan 15,Tue
116,20.207048458149778,Jan 15,Tue
118,110.27272727272727,Jan 15,Tue
120,239.36270333075134,Jan 15,Tue
122,9.787313582827512,Jan 15,Tue
123,-46.011039038324206,Jan 15,Tue
130,24.724628062607156,Jan 15,Tue
331,212.03680203045684,Jan 15,Tue
332,145.37127771911298,Jan 15,Tue
140,-204.82872997329773,Jan 15,Tue
142,175.2360225140713,Jan 15,Tue
145,-314.9479402103487,Jan 15,Tue
747,-40.68441330998249,Jan 15,Tue
150,-99.98469347910972,Jan 15,Tue
151,-96.92071073748568,Jan 15,Tue
171,-22.84256205519875,Jan 15,Tue
1,-120.38986127317516,Jan 16,Wed
4,-119.94871323529412,Jan 16,Wed
7,-200.74122313340837,Jan 16,Wed
9,28.139958653278203,Jan 16,Wed
11,155.35613102042845,Jan 16,Wed
13,-169.52558195344372,Jan 16,Wed
14,-31.95129682997118,Jan 16,Wed
15,-79.05196170536394,Jan 16,Wed
16,-155.95866084425037,Jan 16,Wed
17,88.75307062436029,Jan 16,Wed
18,298.59507930280785,Jan 16,Wed
220,577.522347740668,Jan 16,Wed
25,269.5201476134914,Jan 16,Wed
27,-158.03106325983927,Jan 16,Wed
29,-45.938357595597964,Jan 16,Wed
31,-42.03399577167019,Jan 16,Wed
32,-4.687096774193549,Jan 16,Wed
33,236.65199931157133,Jan 16,Wed
37,-12.336166614747897,Jan 16,Wed
38,135.11810035392455,Jan 16,Wed
238,165.55211889937738,Jan 16,Wed
39,-114.75623078049495,Jan 16,Wed
40,-78.29424724974169,Jan 16,Wed
41,-60.08537037037037,Jan 16,Wed
42,-188.80337992906323,Jan 16,Wed
44,-17.05347501928186,Jan 16,Wed
46,-276.7652609049528,Jan 16,Wed
49,-32.192427493597286,Jan 16,Wed
451,115.18807768200229,Jan 16,Wed
51,690.237037037037,Jan 16,Wed
53,312.5492565055762,Jan 16,Wed
54,-119.15204373860973,Jan 16,Wed
56,165.1380604384752,Jan 16,Wed
59,125.34834015461574,Jan 16,Wed
63,339.85055550093404,Jan 16,Wed
65,-174.45628309440787,Jan 16,Wed
66,63.79066272480907,Jan 16,Wed
67,274.3040183936876,Jan 16,Wed
68,176.5664510744836,Jan 16,Wed
271,125.85079315219099,Jan 16,Wed
272,234.7968827620467,Jan 16,Wed
75,483.75001596322073,Jan 16,Wed
76,-18.779055559548624,Jan 16,Wed
79,132.82246422692162,Jan 16,Wed
83,-220.13183537773702,Jan 16,Wed
84,175.6474582381925,Jan 16,Wed
102,83.85856968587984,Jan 16,Wed
104,72.62049934296978,Jan 16,Wed
111,162.71993670886076,Jan 16,Wed
114,393.5466439135381,Jan 16,Wed
116,-2.8427947598253276,Jan 16,Wed
118,45.125,Jan 16,Wed
120,287.15194244604317,Jan 16,Wed
122,2.6623090187271927,Jan 16,Wed
123,-6.3838223146816775,Jan 16,Wed
130,6.2731620509398285,Jan 16,Wed
331,114.62511457378552,Jan 16,Wed
332,157.35643776824034,Jan 16,Wed
140,-198.7605566634874,Jan 16,Wed
142,241.01013758146271,Jan 16,Wed
145,-310.13503496921516,Jan 16,Wed
747,-37.653313686519084,Jan 16,Wed
150,-86.4572727998085,Jan 16,Wed
151,-182.96397557018798,Jan 16,Wed
171,-43.630810321802436,Jan 16,Wed
1,-115.66997614596093,Jan 17,Thu
4,-71.57380734644109,Jan 17,Thu
7,-153.29167671893848,Jan 17,Thu
9,31.817456017792477,Jan 17,Thu
11,222.26944990672112,Jan 17,Thu
13,-169.00236908346085,Jan 17,Thu
14,-32.84778334163543,Jan 17,Thu
15,-107.81660907572255,Jan 17,Thu
16,-146.18131279037445,Jan 17,Thu
17,131.95269328523406,Jan 17,Thu
18,374.25419703103915,Jan 17,Thu
220,373.3668459200374,Jan 17,Thu
25,251.72645198540798,Jan 17,Thu
27,-86.14643828377734,Jan 17,Thu
29,-29.06526083660671,Jan 17,Thu
31,32.86829676071056,Jan 17,Thu
32,118.96715328467154,Jan 17,Thu
33,165.4116750409304,Jan 17,Thu
37,0.8951824685321018,Jan 17,Thu
38,186.2714353982746,Jan 17,Thu
238,230.15836930455635,Jan 17,Thu
39,-81.88764385658384,Jan 17,Thu
40,-42.15103604493835,Jan 17,Thu
41,-43.275342529161264,Jan 17,Thu
42,-151.79876147768525,Jan 17,Thu
44,17.22367864693446,Jan 17,Thu
46,-215.9997635130142,Jan 17,Thu
49,-39.30012021780638,Jan 17,Thu
451,121.36560470151562,Jan 17,Thu
51,538.5741687979539,Jan 17,Thu
53,220.54654932839279,Jan 17,Thu
54,-48.9162363238512,Jan 17,Thu
56,190.82730455075847,Jan 17,Thu
59,188.9715326804828,Jan 17,Thu
63,392.1978378378378,Jan 17,Thu
65,-228.75163355554088,Jan 17,Thu
66,59.10757426118666,Jan 17,Thu
67,251.43100581878636,Jan 17,Thu
68,167.82236842105263,Jan 17,Thu
271,187.63888888888889,Jan 17,Thu
272,281.2255348778326,Jan 17,Thu
75,498.6374487581384,Jan 17,Thu
76,14.918367346938776,Jan 17,Thu
79,65.31643119798723,Jan 17,Thu
83,-176.2356422366043,Jan 17,Thu
84,88.25704510108865,Jan 17,Thu
86,-6.071428571428571,Jan 17,Thu
102,123.25375939849624,Jan 17,Thu
104,-3.9410256410256412,Jan 17,Thu
111,-9.284076433121019,Jan 17,Thu
114,218.7388100436681,Jan 17,Thu
116,-23.8328530259366,Jan 17,Thu
118,525.6787330316743,Jan 17,Thu
120,260.71065272675895,Jan 17,Thu
122,96.22497482376636,Jan 17,Thu
123,-14.723851137562152,Jan 17,Thu
130,29.93902937569351,Jan 17,Thu
331,270.7885462555066,Jan 17,Thu
332,151.43792808219177,Jan 17,Thu
140,-193.40177434417183,Jan 17,Thu
142,351.55856643356645,Jan 17,Thu
145,-293.9482522225007,Jan 17,Thu
747,24.61690718681398,Jan 17,Thu
150,-16.411778656126483,Jan 17,Thu
151,-91.81436490720655,Jan 17,Thu
171,-72.34346976826778,Jan 17,Thu
1,7.169629253428136,Jan 18,Fri
4,-13.266808964781216,Jan 18,Fri
7,-142.7333832015388,Jan 18,Fri
9,156.43960017639276,Jan 18,Fri
11,434.59499060738887,Jan 18,Fri
13,-107.75516003949808,Jan 18,Fri
14,35.23187460951294,Jan 18,Fri
15,-31.947308820365315,Jan 18,Fri
16,-76.6344518919845,Jan 18,Fri
17,332.3598034143818,Jan 18,Fri
18,375.53228089275996,Jan 18,Fri
220,537.6339329120078,Jan 18,Fri
25,426.1768129940774,Jan 18,Fri
27,-49.07666575267343,Jan 18,Fri
29,-15.932442464736452,Jan 18,Fri
31,26.642128771279285,Jan 18,Fri
32,97.45391061452514,Jan 18,Fri
33,161.8580788651118,Jan 18,Fri
37,88.56169571963129,Jan 18,Fri
38,169.58944631054285,Jan 18,Fri
238,141.93938775510205,Jan 18,Fri
39,-0.4728251407347223,Jan 18,Fri
40,26.24792226650601,Jan 18,Fri
41,-32.72471572524729,Jan 18,Fri
42,-112.39721450885109,Jan 18,Fri
44,41.423649510846445,Jan 18,Fri
46,-222.22557834740468,Jan 18,Fri
49,26.174941402088216,Jan 18,Fri
451,511.3803116832833,Jan 18,Fri
51,659.6907216494845,Jan 18,Fri
53,172.21762349799732,Jan 18,Fri
54,26.771455383040436,Jan 18,Fri
56,257.84142829717797,Jan 18,Fri
59,201.17347453353506,Jan 18,Fri
63,345.952934047066,Jan 18,Fri
65,-128.34353583072726,Jan 18,Fri
66,217.99396908231589,Jan 18,Fri
67,527.2504956031108,Jan 18,Fri
68,396.5658012533572,Jan 18,Fri
271,162.52460598263107,Jan 18,Fri
272,203.45929473225948,Jan 18,Fri
75,506.1816551370741,Jan 18,Fri
76,111.82785787441897,Jan 18,Fri
79,195.57063609467457,Jan 18,Fri
83,-125.16583161979786,Jan 18,Fri
84,122.82194848824189,Jan 18,Fri
102,118.42213308164229,Jan 18,Fri
104,43.84169696969697,Jan 18,Fri
111,9.729323308270677,Jan 18,Fri
114,124.51895803183791,Jan 18,Fri
116,30.917894736842104,Jan 18,Fri
118,467.046218487395,Jan 18,Fri
120,302.90989809302795,Jan 18,Fri
122,165.62461045320987,Jan 18,Fri
123,134.98735211451728,Jan 18,Fri
130,-0.44092091427306435,Jan 18,Fri
331,109.97690941385436,Jan 18,Fri
332,280.13893893893896,Jan 18,Fri
140,-94.99385953117296,Jan 18,Fri
142,390.18584729981376,Jan 18,Fri
145,-6.126790354747084,Jan 18,Fri
747,52.9484243697479,Jan 18,Fri
150,5.125030927835051,Jan 18,Fri
151,-65.93513717356463,Jan 18,Fri
171,-152.9603742916136,Jan 18,Fri
1,-110.33294922025044,Jan 19,Sat
4,-137.09685209141873,Jan 19,Sat
7,-257.5355352290558,Jan 19,Sat
9,-226.03639622503476,Jan 19,Sat
11,394.4295273943957,Jan 19,Sat
13,-90.72057063966867,Jan 19,Sat
14,2.3238817021647282,Jan 19,Sat
15,-105.21915148377076,Jan 19,Sat
16,-94.98868549827823,Jan 19,Sat
17,83.34904144800257,Jan 19,Sat
18,132.01338059370846,Jan 19,Sat
220,176.03039288361748,Jan 19,Sat
25,150.2122337706594,Jan 19,Sat
27,8.780485651214128,Jan 19,Sat
29,89.10147044502872,Jan 19,Sat
31,-74.86786737166777,Jan 19,Sat
33,127.32131996846492,Jan 19,Sat
37,154.6463825569871,Jan 19,Sat
38,4.43557853549469,Jan 19,Sat
238,104.71978573819887,Jan 19,Sat
39,-194.3230672660268,Jan 19,Sat
40,-49.964011037397995,Jan 19,Sat
41,177.10770029529155,Jan 19,Sat
42,-95.74380073390415,Jan 19,Sat
44,177.20408895265425,Jan 19,Sat
46,-122.08307213899651,Jan 19,Sat
49,8.894058081773023,Jan 19,Sat
451,294.64303153611394,Jan 19,Sat
53,127.02941176470588,Jan 19,Sat
54,-74.12705379248256,Jan 19,Sat
56,19.711431027073484,Jan 19,Sat
59,193.28281430219147,Jan 19,Sat
63,215.95760512199342,Jan 19,Sat
65,-202.28998242530756,Jan 19,Sat
66,16.986922141119223,Jan 19,Sat
67,102.93747695937476,Jan 19,Sat
68,159.2439645261948,Jan 19,Sat
271,192.4913214990138,Jan 19,Sat
272,2.4379688401615693,Jan 19,Sat
75,418.3371554575524,Jan 19,Sat
76,86.97394914374675,Jan 19,Sat
79,-68.35062433107385,Jan 19,Sat
83,-139.54716840258334,Jan 19,Sat
84,218.60501471931784,Jan 19,Sat
102,89.6954931112322,Jan 19,Sat
104,64.31338199513382,Jan 19,Sat
114,-146.32202415181138,Jan 19,Sat
120,172.51877354813564,Jan 19,Sat
122,113.46178113703581,Jan 19,Sat
123,-64.45392682358424,Jan 19,Sat
130,-29.816804753535862,Jan 19,Sat
331,120.33269961977186,Jan 19,Sat
332,168.92668552569543,Jan 19,Sat
140,-185.53376747319373,Jan 19,Sat
145,-152.49826921174957,Jan 19,Sat
747,-35.27827441419477,Jan 19,Sat
150,-84.07181615065433,Jan 19,Sat
151,-128.03649918962722,Jan 19,Sat
171,13.18856225433206,Jan 19,Sat
1,-78.1648434961551,Jan 20,Sun
4,-329.50882674582095,Jan 20,Sun
7,-346.73113386423967,Jan 20,Sun
9,-230.22480217177844,Jan 20,Sun
11,336.7619412515964,Jan 20,Sun
13,-158.79830097087378,Jan 20,Sun
14,-99.19217989794707,Jan 20,Sun
15,-173.6939057069327,Jan 20,Sun
16,-88.91266079891672,Jan 20,Sun
17,-26.55906148867314,Jan 20,Sun
18,232.9099645928174,Jan 20,Sun
220,-15.75731922398589,Jan 20,Sun
25,-8.852426994823713,Jan 20,Sun
27,-143.70166863831642,Jan 20,Sun
29,-51.50389541793213,Jan 20,Sun
31,-78.26567844925884,Jan 20,Sun
33,308.6423427096073,Jan 20,Sun
37,4.45403516204194,Jan 20,Sun
238,45.420286016949156,Jan 20,Sun
38,-83.4477295955614,Jan 20,Sun
39,-152.863019263974,Jan 20,Sun
40,-145.0895429124879,Jan 20,Sun
41,114.23598130841121,Jan 20,Sun
42,-6.955509029049987,Jan 20,Sun
44,164.42508143322476,Jan 20,Sun
46,-177.62819042156582,Jan 20,Sun
49,-80.19562888365117,Jan 20,Sun
451,175.32,Jan 20,Sun
53,118.0926406926407,Jan 20,Sun
54,-80.72960069444444,Jan 20,Sun
56,95.79897682816731,Jan 20,Sun
59,165.6940194714882,Jan 20,Sun
63,239.28530859522908,Jan 20,Sun
65,-91.17024372499091,Jan 20,Sun
66,1.4913247601551336,Jan 20,Sun
67,83.0242079610073,Jan 20,Sun
68,222.0148376671074,Jan 20,Sun
271,150.2062064965197,Jan 20,Sun
272,6.795564968232216,Jan 20,Sun
75,286.9698512137823,Jan 20,Sun
76,30.767352185089976,Jan 20,Sun
79,-35.399862590175196,Jan 20,Sun
83,-253.44289245272174,Jan 20,Sun
84,116.34643399089529,Jan 20,Sun
102,37.179059485530544,Jan 20,Sun
104,19.625173852573017,Jan 20,Sun
120,174.2996688741722,Jan 20,Sun
122,62.91386394764876,Jan 20,Sun
123,-78.52192496438182,Jan 20,Sun
130,-41.565128900949794,Jan 20,Sun
331,318.6577275935074,Jan 20,Sun
332,14.619681483242216,Jan 20,Sun
140,-203.12791072003435,Jan 20,Sun
145,-302.9307101005214,Jan 20,Sun
747,-80.01056996914986,Jan 20,Sun
150,-63.91634006632499,Jan 20,Sun
151,-124.65491133691971,Jan 20,Sun
171,21.79974501411529,Jan 20,Sun
1,-199.20307382212144,Jan 21,Mon
4,-145.4461010040009,Jan 21,Mon
7,-221.07455647262057,Jan 21,Mon
9,-75.4004176224928,Jan 21,Mon
11,195.14205079962372,Jan 21,Mon
13,-213.1683375003034,Jan 21,Mon
14,52.66033935073991,Jan 21,Mon
15,6.8057391639550575,Jan 21,Mon
16,-166.1391372485986,Jan 21,Mon
17,459.53133086876153,Jan 21,Mon
18,613.0895099017703,Jan 21,Mon
220,640.3974449964514,Jan 21,Mon
25,315.0181510032256,Jan 21,Mon
27,-153.43948530773096,Jan 21,Mon
29,-19.802332847323473,Jan 21,Mon
31,-61.05604818470805,Jan 21,Mon
32,63.13328530259366,Jan 21,Mon
33,139.70036656024595,Jan 21,Mon
37,71.25446975263287,Jan 21,Mon
38,78.12251571041742,Jan 21,Mon
238,362.8750387596899,Jan 21,Mon
39,55.15782222289512,Jan 21,Mon
40,-83.46359581690591,Jan 21,Mon
41,-24.691359441715257,Jan 21,Mon
42,-132.5792931678619,Jan 21,Mon
44,-45.50521456659258,Jan 21,Mon
46,-264.0611774475274,Jan 21,Mon
49,5.835947667648469,Jan 21,Mon
451,89.70477458626593,Jan 21,Mon
51,1000.1484490398818,Jan 21,Mon
53,210.52583862194015,Jan 21,Mon
54,44.44363700815314,Jan 21,Mon
56,228.67924147669962,Jan 21,Mon
59,249.29153318077803,Jan 21,Mon
63,351.72665283130743,Jan 21,Mon
65,-82.79027456169368,Jan 21,Mon
66,72.4358444116199,Jan 21,Mon
67,312.0964889330752,Jan 21,Mon
68,201.81495666196332,Jan 21,Mon
271,110.93782963081348,Jan 21,Mon
272,174.50195361734308,Jan 21,Mon
75,539.9669202397419,Jan 21,Mon
76,82.11092038581003,Jan 21,Mon
79,86.48607520564042,Jan 21,Mon
83,-281.0095067315629,Jan 21,Mon
84,-6.465214017845597,Jan 21,Mon
102,54.59216734822271,Jan 21,Mon
104,2.6623082725672615,Jan 21,Mon
111,346.5848595848596,Jan 21,Mon
114,179.3186401613368,Jan 21,Mon
116,687.8788501026694,Jan 21,Mon
118,383.39732142857144,Jan 21,Mon
120,237.66582105571274,Jan 21,Mon
122,-11.728261322444897,Jan 21,Mon
123,-85.50175264550265,Jan 21,Mon
130,-29.243468561028592,Jan 21,Mon
331,212.72592592592594,Jan 21,Mon
332,236.83029833397907,Jan 21,Mon
140,-197.74533027678723,Jan 21,Mon
142,133.2699530516432,Jan 21,Mon
145,-246.8840568406932,Jan 21,Mon
747,-24.879513852404468,Jan 21,Mon
150,-27.455223262364346,Jan 21,Mon
151,-134.11045510455105,Jan 21,Mon
171,-18.715977866159434,Jan 21,Mon
1,-152.83443874358653,Jan 22,Tue
4,-78.5167656639203,Jan 22,Tue
7,-138.64475228926977,Jan 22,Tue
9,-15.27801896492631,Jan 22,Tue
11,218.32236138208825,Jan 22,Tue
13,-233.34704117152802,Jan 22,Tue
14,12.962784477973457,Jan 22,Tue
15,-60.33660985628569,Jan 22,Tue
16,-186.24156638390215,Jan 22,Tue
17,269.64348334307425,Jan 22,Tue
18,328.33757895286317,Jan 22,Tue
220,357.012634534394,Jan 22,Tue
25,234.714147365023,Jan 22,Tue
27,-115.25157635720511,Jan 22,Tue
29,-19.473492030054068,Jan 22,Tue
31,-7.9075670085322765,Jan 22,Tue
32,94.93178410794603,Jan 22,Tue
33,210.10387544039096,Jan 22,Tue
37,-9.91466377440347,Jan 22,Tue
38,92.55314077756991,Jan 22,Tue
238,154.93552866494744,Jan 22,Tue
39,-130.97335935241398,Jan 22,Tue
40,-89.65911581475643,Jan 22,Tue
41,-1.851237132873737,Jan 22,Tue
42,-79.60988132312094,Jan 22,Tue
44,-92.0873855453818,Jan 22,Tue
46,-239.56340466388326,Jan 22,Tue
49,-87.24128724002249,Jan 22,Tue
451,223.85185868462318,Jan 22,Tue
51,750.4227304227304,Jan 22,Tue
53,282.01454545454544,Jan 22,Tue
54,-35.71455888744024,Jan 22,Tue
56,174.77692307692308,Jan 22,Tue
59,120.76000920386562,Jan 22,Tue
63,360.8811239193084,Jan 22,Tue
65,-178.2678512884401,Jan 22,Tue
66,106.82136681452522,Jan 22,Tue
67,271.0471659294311,Jan 22,Tue
68,203.51749095295537,Jan 22,Tue
271,130.9742946708464,Jan 22,Tue
272,214.58164717529857,Jan 22,Tue
75,572.1339781282629,Jan 22,Tue
76,-15.36776077008048,Jan 22,Tue
79,127.94902501724246,Jan 22,Tue
83,-205.39113751350123,Jan 22,Tue
84,370.1618376403028,Jan 22,Tue
102,130.56698507934001,Jan 22,Tue
104,54.17135802469136,Jan 22,Tue
111,40.79143179255919,Jan 22,Tue
114,211.63028895768835,Jan 22,Tue
116,-483.39086294416245,Jan 22,Tue
118,277.1171171171171,Jan 22,Tue
120,246.15464399177725,Jan 22,Tue
122,18.280492132970544,Jan 22,Tue
123,-74.05028471854871,Jan 22,Tue
130,-7.209012190953628,Jan 22,Tue
331,154.91181296144381,Jan 22,Tue
332,193.5768470960095,Jan 22,Tue
140,-184.75754510200642,Jan 22,Tue
142,209.18330792682926,Jan 22,Tue
145,-272.9494615474658,Jan 22,Tue
747,-41.24675812175812,Jan 22,Tue
150,-4.891003326371161,Jan 22,Tue
151,-125.89406130268199,Jan 22,Tue
171,-55.11303291732976,Jan 22,Tue
1,-143.70817744521645,Jan 23,Wed
4,-6.212545798606917,Jan 23,Wed
7,-145.28762035370417,Jan 23,Wed
9,59.645612837145784,Jan 23,Wed
11,276.9627724855356,Jan 23,Wed
13,-237.01715596070548,Jan 23,Wed
14,-19.825362506846552,Jan 23,Wed
15,-81.93682249953436,Jan 23,Wed
16,-157.32585866728897,Jan 23,Wed
17,263.61888079653363,Jan 23,Wed
18,443.08780047398716,Jan 23,Wed
220,140.29508593560882,Jan 23,Wed
25,224.5865031698365,Jan 23,Wed
27,-152.00028751762756,Jan 23,Wed
29,-23.846537558685448,Jan 23,Wed
31,19.66405002053763,Jan 23,Wed
32,61.61305732484077,Jan 23,Wed
33,150.27994591604696,Jan 23,Wed
37,-117.76569821930647,Jan 23,Wed
38,84.5529607786094,Jan 23,Wed
238,340.1273766233766,Jan 23,Wed
39,-58.664043043812455,Jan 23,Wed
40,-66.59323096208085,Jan 23,Wed
41,71.0756375790162,Jan 23,Wed
42,-126.32378794743997,Jan 23,Wed
44,-24.201012891344384,Jan 23,Wed
46,-201.2738289550676,Jan 23,Wed
49,-1.7167047044099242,Jan 23,Wed
451,157.32923415316935,Jan 23,Wed
51,1893.4876341577228,Jan 23,Wed
53,242.90678824721377,Jan 23,Wed
54,-21.918374750589514,Jan 23,Wed
56,167.96614190209186,Jan 23,Wed
59,166.776400594943,Jan 23,Wed
63,366.10512279142125,Jan 23,Wed
65,-221.1039139077387,Jan 23,Wed
66,91.25354921667935,Jan 23,Wed
67,227.09966570343929,Jan 23,Wed
68,202.47207327971404,Jan 23,Wed
271,109.19298554811421,Jan 23,Wed
272,287.754156932802,Jan 23,Wed
75,484.91996896634043,Jan 23,Wed
76,-5.957506839945281,Jan 23,Wed
79,115.10937183725794,Jan 23,Wed
83,-127.17329894374846,Jan 23,Wed
84,13.820948292190163,Jan 23,Wed
102,68.98017806148161,Jan 23,Wed
104,22.726354195902328,Jan 23,Wed
111,30.16254416961131,Jan 23,Wed
114,174.7984054669704,Jan 23,Wed
116,308.62785388127855,Jan 23,Wed
118,-89.0576923076923,Jan 23,Wed
120,218.56339972392033,Jan 23,Wed
122,-4.825695101617773,Jan 23,Wed
123,53.550467354910715,Jan 23,Wed
130,-19.914137404580153,Jan 23,Wed
331,225.83670588235293,Jan 23,Wed
332,131.06960556844547,Jan 23,Wed
140,-189.74285456676586,Jan 23,Wed
142,189.9778362133734,Jan 23,Wed
145,-267.6997348046089,Jan 23,Wed
747,-60.6909704203425,Jan 23,Wed
150,-27.54713338369848,Jan 23,Wed
151,-167.43553757107003,Jan 23,Wed
171,-30.082696696100804,Jan 23,Wed
1,-16.642731821430893,Jan 24,Thu
4,-55.49291644451215,Jan 24,Thu
7,-188.31688743497614,Jan 24,Thu
9,10.164373704812341,Jan 24,Thu
11,322.28573597125944,Jan 24,Thu
13,-171.69590340025186,Jan 24,Thu
14,21.57655199572445,Jan 24,Thu
15,-70.05754836091447,Jan 24,Thu
16,9.81061649074499,Jan 24,Thu
17,164.5347766791681,Jan 24,Thu
18,381.2240091588072,Jan 24,Thu
220,371.46483180428135,Jan 24,Thu
25,233.03414169729987,Jan 24,Thu
27,-74.01558994197292,Jan 24,Thu
29,21.87892503536068,Jan 24,Thu
31,38.86582950570983,Jan 24,Thu
32,117.30075187969925,Jan 24,Thu
33,291.33947694735656,Jan 24,Thu
37,5.646586527557269,Jan 24,Thu
38,125.55511713321421,Jan 24,Thu
238,143.85876901380075,Jan 24,Thu
39,6.245786717788778,Jan 24,Thu
40,-60.03158387155188,Jan 24,Thu
41,-12.595033860045147,Jan 24,Thu
42,-100.87909536503568,Jan 24,Thu
44,-36.455807536431834,Jan 24,Thu
46,-211.47982794208923,Jan 24,Thu
49,-33.16883116883117,Jan 24,Thu
451,186.02,Jan 24,Thu
51,558.8354271356784,Jan 24,Thu
53,307.4759433962264,Jan 24,Thu
54,-51.1748106743599,Jan 24,Thu
56,180.2739509105305,Jan 24,Thu
59,174.12532269420325,Jan 24,Thu
63,474.5578103860964,Jan 24,Thu
65,-155.13048620236532,Jan 24,Thu
66,66.61917505524184,Jan 24,Thu
67,304.7977006753622,Jan 24,Thu
68,248.21803852889667,Jan 24,Thu
271,173.263596353348,Jan 24,Thu
272,223.32325903538597,Jan 24,Thu
75,574.29204029669,Jan 24,Thu
76,44.751117384144905,Jan 24,Thu
79,139.08391563969,Jan 24,Thu
83,-216.99676203768317,Jan 24,Thu
84,20.066505797186746,Jan 24,Thu
102,162.46990595611285,Jan 24,Thu
104,2.0865832720137356,Jan 24,Thu
111,41.09497206703911,Jan 24,Thu
114,157.04004187385502,Jan 24,Thu
116,237.32657657657657,Jan 24,Thu
118,-42.101063829787236,Jan 24,Thu
120,312.6813383600377,Jan 24,Thu
122,49.27166935851245,Jan 24,Thu
123,0.9771736744740225,Jan 24,Thu
130,0.9880592087162273,Jan 24,Thu
331,235.38690744920993,Jan 24,Thu
332,213.16626698641088,Jan 24,Thu
140,-136.6891150479541,Jan 24,Thu
142,369.85011529592623,Jan 24,Thu
145,-270.54373441618577,Jan 24,Thu
747,-16.11675480100195,Jan 24,Thu
150,-61.58491918146349,Jan 24,Thu
151,-111.79183965640658,Jan 24,Thu
171,-50.403419472722526,Jan 24,Thu
1,1.2891465914915428,Jan 25,Fri
4,9.434575733544806,Jan 25,Fri
7,-127.16348396688284,Jan 25,Fri
9,121.5192230562081,Jan 25,Fri
11,334.64349660423954,Jan 25,Fri
13,-92.80799130854659,Jan 25,Fri
14,21.24646268863353,Jan 25,Fri
15,-69.7379481413652,Jan 25,Fri
16,-55.9120526834167,Jan 25,Fri
17,331.3073643734849,Jan 25,Fri
18,507.4676666117246,Jan 25,Fri
220,567.4089301503095,Jan 25,Fri
25,345.3989528494577,Jan 25,Fri
27,-103.05853740790702,Jan 25,Fri
29,24.20757363253857,Jan 25,Fri
31,22.845134014694413,Jan 25,Fri
32,98.28327137546468,Jan 25,Fri
33,415.98870306789235,Jan 25,Fri
37,13.997241681260945,Jan 25,Fri
38,176.11565610859728,Jan 25,Fri
238,168.13719826696925,Jan 25,Fri
39,-19.15554505220642,Jan 25,Fri
40,-0.8421952030971176,Jan 25,Fri
41,65.1979690680643,Jan 25,Fri
42,-112.88640408927023,Jan 25,Fri
44,69.71761074497373,Jan 25,Fri
46,-161.89601498989362,Jan 25,Fri
49,-6.245599946463227,Jan 25,Fri
451,121.41804118907837,Jan 25,Fri
51,726.5003620564809,Jan 25,Fri
53,296.6651053864169,Jan 25,Fri
54,-49.051914893617024,Jan 25,Fri
56,195.34868724090282,Jan 25,Fri
59,169.6558519586638,Jan 25,Fri
63,329.12949790794977,Jan 25,Fri
65,-131.65097838598285,Jan 25,Fri
66,131.3352872783645,Jan 25,Fri
67,360.97426605745494,Jan 25,Fri
68,290.81869841699364,Jan 25,Fri
271,108.01707628471114,Jan 25,Fri
272,196.97764501830795,Jan 25,Fri
75,516.5969478357381,Jan 25,Fri
76,100.24654533198517,Jan 25,Fri
79,152.87197342362487,Jan 25,Fri
83,-44.848123475881756,Jan 25,Fri
84,67.57713237542036,Jan 25,Fri
102,164.61059780462764,Jan 25,Fri
104,-2.1953931691818904,Jan 25,Fri
111,-2.217857142857143,Jan 25,Fri
114,62.556266666666666,Jan 25,Fri
116,25.06178489702517,Jan 25,Fri
118,-265.82608695652175,Jan 25,Fri
120,336.50681488641857,Jan 25,Fri
122,157.26417442981048,Jan 25,Fri
123,96.85179677819083,Jan 25,Fri
130,-7.158596254428884,Jan 25,Fri
331,283.7911802853437,Jan 25,Fri
332,253.58023356401384,Jan 25,Fri
140,-92.14194530160206,Jan 25,Fri
142,434.9667788057191,Jan 25,Fri
145,-150.94777472366806,Jan 25,Fri
747,58.24149468197506,Jan 25,Fri
150,-30.59691213199122,Jan 25,Fri
151,-101.45370906145122,Jan 25,Fri
171,-68.56870164101692,Jan 25,Fri
1,-79.08624119987756,Jan 26,Sat
4,44.603443273043816,Jan 26,Sat
7,-190.9078043625934,Jan 26,Sat
9,-163.12911419576417,Jan 26,Sat
11,357.49961380020596,Jan 26,Sat
13,-58.72844036697248,Jan 26,Sat
14,78.9992737215363,Jan 26,Sat
15,-60.59012747311114,Jan 26,Sat
16,21.555993526156417,Jan 26,Sat
17,79.71825356154555,Jan 26,Sat
18,291.15833005120123,Jan 26,Sat
220,252.90213064856005,Jan 26,Sat
25,142.4303593705984,Jan 26,Sat
27,88.56883509833585,Jan 26,Sat
29,92.66433781978834,Jan 26,Sat
31,74.30694527797479,Jan 26,Sat
33,554.399327148537,Jan 26,Sat
37,154.5132533298167,Jan 26,Sat
38,55.139971976614966,Jan 26,Sat
238,167.10564561207377,Jan 26,Sat
39,-60.92021125905541,Jan 26,Sat
40,28.81356490086741,Jan 26,Sat
41,248.76822651746355,Jan 26,Sat
42,8.904487417875295,Jan 26,Sat
44,180.1912462006079,Jan 26,Sat
46,-181.50048843187662,Jan 26,Sat
49,28.02300834052344,Jan 26,Sat
451,232.51780579517805,Jan 26,Sat
53,217.05429234338746,Jan 26,Sat
54,-7.320985033435941,Jan 26,Sat
56,94.24072869225765,Jan 26,Sat
59,146.3288173863957,Jan 26,Sat
63,402.66343042071196,Jan 26,Sat
65,-136.37904023119629,Jan 26,Sat
66,103.94858417823276,Jan 26,Sat
67,107.98765180812809,Jan 26,Sat
68,154.14747621351395,Jan 26,Sat
271,208.61873928775472,Jan 26,Sat
272,65.15165262475696,Jan 26,Sat
75,534.746176374878,Jan 26,Sat
76,80.12042039092427,Jan 26,Sat
79,-32.58939338903015,Jan 26,Sat
83,-115.13131763918331,Jan 26,Sat
84,276.1275906099597,Jan 26,Sat
102,142.21179190751445,Jan 26,Sat
104,84.6357843137255,Jan 26,Sat
114,122.57103218645949,Jan 26,Sat
120,207.7048667584136,Jan 26,Sat
122,183.8194685870375,Jan 26,Sat
123,38.50310830500243,Jan 26,Sat
130,18.4988533988534,Jan 26,Sat
331,270.0837209302326,Jan 26,Sat
332,66.36042908224076,Jan 26,Sat
140,-165.84252409773595,Jan 26,Sat
145,-218.1008650032789,Jan 26,Sat
747,-4.997649143129706,Jan 26,Sat
150,16.783772652388798,Jan 26,Sat
151,-49.76276823184734,Jan 26,Sat
171,-35.17955154903863,Jan 26,Sat
1,-93.01590067523415,Jan 27,Sun
4,-232.59251625178374,Jan 27,Sun
7,-222.47363766994584,Jan 27,Sun
9,-174.83690094949154,Jan 27,Sun
11,386.8783372761068,Jan 27,Sun
13,-93.40236746772794,Jan 27,Sun
14,-31.31287634572106,Jan 27,Sun
15,-103.68149823321555,Jan 27,Sun
16,-67.3092954410894,Jan 27,Sun
17,28.250495441934206,Jan 27,Sun
18,252.83097139912394,Jan 27,Sun
220,-37.097460535346606,Jan 27,Sun
25,531.9221494647126,Jan 27,Sun
27,-108.31592959158105,Jan 27,Sun
29,-60.25271484113152,Jan 27,Sun
31,-26.7237702366127,Jan 27,Sun
33,248.90366662156677,Jan 27,Sun
37,17.115145436308925,Jan 27,Sun
38,-51.027838223155996,Jan 27,Sun
238,144.15654261704682,Jan 27,Sun
39,-124.22881054706434,Jan 27,Sun
40,-124.11035860621043,Jan 27,Sun
41,138.6833062770563,Jan 27,Sun
42,15.602616227682518,Jan 27,Sun
44,253.68734810578985,Jan 27,Sun
46,-101.01116738494447,Jan 27,Sun
49,17.986522911051214,Jan 27,Sun
451,186.39909134385462,Jan 27,Sun
53,191.54583624912527,Jan 27,Sun
54,-74.95372955723973,Jan 27,Sun
56,63.85476685476686,Jan 27,Sun
59,202.08306962025316,Jan 27,Sun
63,285.9300395256917,Jan 27,Sun
65,-53.004497211728726,Jan 27,Sun
66,43.61083994305471,Jan 27,Sun
67,120.10126793460127,Jan 27,Sun
68,215.35427245031192,Jan 27,Sun
271,108.24435196195006,Jan 27,Sun
272,52.41657794676806,Jan 27,Sun
75,386.1647795711877,Jan 27,Sun
76,44.732762959235025,Jan 27,Sun
79,-26.950967741935482,Jan 27,Sun
83,-116.14682806545618,Jan 27,Sun
84,92.9989337598294,Jan 27,Sun
102,118.98225324027916,Jan 27,Sun
104,97.25550660792952,Jan 27,Sun
120,192.9330795431777,Jan 27,Sun
122,78.94932224276032,Jan 27,Sun
123,-41.94896408287337,Jan 27,Sun
130,-22.935764765270065,Jan 27,Sun
331,92.63978899773926,Jan 27,Sun
332,62.65728476821192,Jan 27,Sun
140,-113.29590111979716,Jan 27,Sun
145,-221.4303703053703,Jan 27,Sun
747,-60.325450393301196,Jan 27,Sun
150,-30.24244690397846,Jan 27,Sun
151,-97.24512864678653,Jan 27,Sun
171,-78.0135953068256,Jan 27,Sun
1,-164.3115406480955,Jan 28,Mon
4,-209.17058411888198,Jan 28,Mon
7,-294.0504203982143,Jan 28,Mon
9,-80.2522640195054,Jan 28,Mon
11,114.42675571948362,Jan 28,Mon
13,-252.65867862807295,Jan 28,Mon
14,-71.3716697227915,Jan 28,Mon
15,-153.84207010512253,Jan 28,Mon
16,-110.35718206770356,Jan 28,Mon
17,155.04642058165547,Jan 28,Mon
18,323.45028330185534,Jan 28,Mon
220,335.9223806291016,Jan 28,Mon
25,173.03718911309244,Jan 28,Mon
27,-241.70263889263646,Jan 28,Mon
29,-73.90539772727273,Jan 28,Mon
31,-20.32160081225146,Jan 28,Mon
32,21.1987814166032,Jan 28,Mon
33,90.05655727851905,Jan 28,Mon
37,-160.47205461352124,Jan 28,Mon
38,-23.48067614485922,Jan 28,Mon
238,80.86286832886874,Jan 28,Mon
39,-202.0232171503573,Jan 28,Mon
40,-77.92154718259958,Jan 28,Mon
41,-75.09755634187466,Jan 28,Mon
42,-191.6391177132568,Jan 28,Mon
44,-119.97560760831279,Jan 28,Mon
46,-286.32746686303386,Jan 28,Mon
49,-63.557073380060075,Jan 28,Mon
51,450.0114555256065,Jan 28,Mon
451,-33.075160403299726,Jan 28,Mon
53,245.43644859813085,Jan 28,Mon
54,-155.59050676004279,Jan 28,Mon
56,93.06723300970874,Jan 28,Mon
59,129.73411183471816,Jan 28,Mon
63,330.15262444315323,Jan 28,Mon
65,-262.1138024357239,Jan 28,Mon
66,24.731054291795964,Jan 28,Mon
67,203.3046875,Jan 28,Mon
68,149.620171976318,Jan 28,Mon
271,45.31214068312479,Jan 28,Mon
272,136.46999414519905,Jan 28,Mon
75,404.19448467294234,Jan 28,Mon
76,-52.14147491665989,Jan 28,Mon
79,71.80768712070127,Jan 28,Mon
83,-275.6949718399814,Jan 28,Mon
84,-32.536645008034654,Jan 28,Mon
102,39.43350659736105,Jan 28,Mon
104,-55.39728884254432,Jan 28,Mon
111,8.638014527845037,Jan 28,Mon
114,29.28055475296157,Jan 28,Mon
116,129.59866962305986,Jan 28,Mon
118,-90.61083743842364,Jan 28,Mon
120,319.340869732538,Jan 28,Mon
122,0.08351713607058026,Jan 28,Mon
123,-80.85566977600102,Jan 28,Mon
130,-56.361292892505546,Jan 28,Mon
331,141.7496740547588,Jan 28,Mon
332,113.58077665736967,Jan 28,Mon
140,-195.80190850876826,Jan 28,Mon
142,109.91789557592666,Jan 28,Mon
145,-289.31279802517594,Jan 28,Mon
747,-38.31863537348043,Jan 28,Mon
150,-110.61276492476945,Jan 28,Mon
151,-167.61325208607818,Jan 28,Mon
171,-149.0695687186829,Jan 28,Mon
1,-110.61326537195949,Jan 29,Tue
4,-104.36266677480839,Jan 29,Tue
7,-226.27157814788694,Jan 29,Tue
9,1.7654366657418539,Jan 29,Tue
11,145.97418691814775,Jan 29,Tue
13,-229.19032560897278,Jan 29,Tue
14,-3.041841328986182,Jan 29,Tue
15,-139.63643768034999,Jan 29,Tue
16,-150.42417889587702,Jan 29,Tue
17,191.54585421612592,Jan 29,Tue
18,379.7899969409605,Jan 29,Tue
220,337.8071950534008,Jan 29,Tue
25,231.044131101663,Jan 29,Tue
27,-181.22178846554237,Jan 29,Tue
29,-24.739927939731412,Jan 29,Tue
31,-18.031853566168735,Jan 29,Tue
32,-36.07034372501998,Jan 29,Tue
33,159.3797831449716,Jan 29,Tue
37,-54.52085737108369,Jan 29,Tue
38,41.3727483727736,Jan 29,Tue
238,132.4734914012415,Jan 29,Tue
39,-115.25153848440705,Jan 29,Tue
40,-83.38868155399204,Jan 29,Tue
41,-0.5758615133169126,Jan 29,Tue
42,-165.42862888809438,Jan 29,Tue
44,-130.2086141224729,Jan 29,Tue
46,-217.7216042069982,Jan 29,Tue
49,-45.245182369807296,Jan 29,Tue
451,89.01812917033867,Jan 29,Tue
51,666.2574679943101,Jan 29,Tue
53,165.85930735930737,Jan 29,Tue
54,-122.88906581740977,Jan 29,Tue
56,131.77246848312322,Jan 29,Tue
59,135.7656875834446,Jan 29,Tue
63,319.4313027560256,Jan 29,Tue
65,-182.36630695443645,Jan 29,Tue
66,65.21962332928311,Jan 29,Tue
67,275.22314092563704,Jan 29,Tue
68,193.05786855197695,Jan 29,Tue
271,130.34483341789277,Jan 29,Tue
272,173.87375674445818,Jan 29,Tue
75,483.3875158619856,Jan 29,Tue
76,6.930516431924882,Jan 29,Tue
79,107.23373429919586,Jan 29,Tue
83,-236.50004387376057,Jan 29,Tue
84,-6.119733490103861,Jan 29,Tue
102,15.26980316850696,Jan 29,Tue
104,54.0,Jan 29,Tue
111,22.978960396039604,Jan 29,Tue
114,96.0686327077748,Jan 29,Tue
116,296.79744136460556,Jan 29,Tue
118,-211.55769230769232,Jan 29,Tue
120,330.60707041437263,Jan 29,Tue
122,-8.92212764224331,Jan 29,Tue
123,-45.25853321725556,Jan 29,Tue
130,-28.564954337899543,Jan 29,Tue
331,114.69036600757256,Jan 29,Tue
332,110.18943018703784,Jan 29,Tue
140,-193.24291412084182,Jan 29,Tue
142,172.71081182192293,Jan 29,Tue
145,-242.83762272596016,Jan 29,Tue
747,-73.31510664311914,Jan 29,Tue
150,-12.29541595925297,Jan 29,Tue
151,-123.10571712927126,Jan 29,Tue
171,-111.59689685314686,Jan 29,Tue
1,-60.552693791215624,Jan 30,Wed
4,-92.86103351955308,Jan 30,Wed
7,-129.30700602327792,Jan 30,Wed
9,99.57393209200438,Jan 30,Wed
11,288.6278662553156,Jan 30,Wed
13,-134.69627700617283,Jan 30,Wed
14,101.22684788007405,Jan 30,Wed
15,-67.16663392486849,Jan 30,Wed
16,-142.2368184204605,Jan 30,Wed
17,242.10732778911031,Jan 30,Wed
18,373.39995918783796,Jan 30,Wed
220,451.49355797819624,Jan 30,Wed
25,262.32805829847786,Jan 30,Wed
27,-155.3173063631756,Jan 30,Wed
29,-67.76635392233516,Jan 30,Wed
31,37.62070924287917,Jan 30,Wed
32,71.08383233532935,Jan 30,Wed
33,125.0737719941349,Jan 30,Wed
37,-2.4761105784595716,Jan 30,Wed
38,54.61114075776857,Jan 30,Wed
238,256.3601789709172,Jan 30,Wed
39,-39.45612787696845,Jan 30,Wed
40,-23.76377008989376,Jan 30,Wed
41,-38.00339053997489,Jan 30,Wed
42,-125.78238030917004,Jan 30,Wed
44,-25.796076642335766,Jan 30,Wed
46,-186.17749155737062,Jan 30,Wed
49,-40.32557603686636,Jan 30,Wed
451,104.21583514099783,Jan 30,Wed
51,692.4802494802494,Jan 30,Wed
53,297.76663254861825,Jan 30,Wed
54,-65.87520938023451,Jan 30,Wed
56,101.63480553724456,Jan 30,Wed
59,110.77930476960388,Jan 30,Wed
63,335.8551637279597,Jan 30,Wed
65,-190.47027524813262,Jan 30,Wed
66,60.489477952789514,Jan 30,Wed
67,249.85786673422854,Jan 30,Wed
68,266.90381714816107,Jan 30,Wed
271,131.67832625040862,Jan 30,Wed
272,295.1612370680167,Jan 30,Wed
75,576.2772178425307,Jan 30,Wed
76,-40.932384842935626,Jan 30,Wed
79,107.88532518773069,Jan 30,Wed
83,-180.96845510919385,Jan 30,Wed
84,47.87407491745417,Jan 30,Wed
102,113.97952710495963,Jan 30,Wed
104,-13.840340909090909,Jan 30,Wed
111,-15.35960591133005,Jan 30,Wed
114,231.76153091265948,Jan 30,Wed
116,770.5522388059702,Jan 30,Wed
118,186.24242424242425,Jan 30,Wed
120,301.21135758651286,Jan 30,Wed
122,118.26105404198303,Jan 30,Wed
123,63.538216560509554,Jan 30,Wed
130,13.817836812144213,Jan 30,Wed
331,-68.79740680713128,Jan 30,Wed
332,166.72709850517438,Jan 30,Wed
140,-49.88355199762805,Jan 30,Wed
142,160.61534363345766,Jan 30,Wed
145,-194.02153136633882,Jan 30,Wed
747,-3.090614483360339,Jan 30,Wed
150,-71.72392548041661,Jan 30,Wed
151,-28.76284542314335,Jan 30,Wed
171,-14.191653911222106,Jan 30,Wed
1,130.18279109589042,Jan 31,Thu
4,-111.04797920113448,Jan 31,Thu
7,-190.40042892156862,Jan 31,Thu
9,183.44209914794732,Jan 31,Thu
11,534.0756540576571,Jan 31,Thu
13,-119.4799012421881,Jan 31,Thu
14,185.39325579580048,Jan 31,Thu
15,35.282765926358856,Jan 31,Thu
16,-61.5573601443671,Jan 31,Thu
17,676.34508257333,Jan 31,Thu
18,548.9479693597341,Jan 31,Thu
220,472.7016776075857,Jan 31,Thu
25,256.5213450065856,Jan 31,Thu
27,-47.2207567328593,Jan 31,Thu
29,-43.976371802382346,Jan 31,Thu
31,60.20305252132276,Jan 31,Thu
32,102.02473958333333,Jan 31,Thu
33,180.64077809798272,Jan 31,Thu
37,93.19970230711982,Jan 31,Thu
38,94.11936512538048,Jan 31,Thu
238,121.33212669683257,Jan 31,Thu
39,85.8686288585786,Jan 31,Thu
40,-33.790074535333524,Jan 31,Thu
41,205.57742689230332,Jan 31,Thu
42,-156.97549077929804,Jan 31,Thu
44,-51.84561697375768,Jan 31,Thu
46,-189.39306918186028,Jan 31,Thu
49,30.754065846886157,Jan 31,Thu
451,152.63065015479876,Jan 31,Thu
51,860.9641332194706,Jan 31,Thu
53,188.66339066339066,Jan 31,Thu
54,-50.27192482915718,Jan 31,Thu
56,297.2166367444644,Jan 31,Thu
59,137.6391459074733,Jan 31,Thu
63,286.3997584541063,Jan 31,Thu
65,-223.22973738900436,Jan 31,Thu
66,114.33956139656401,Jan 31,Thu
67,297.76973684210526,Jan 31,Thu
68,363.44972931167825,Jan 31,Thu
271,211.46218882104273,Jan 31,Thu
272,422.87231503579955,Jan 31,Thu
75,798.6738413469884,Jan 31,Thu
76,-49.02010630922117,Jan 31,Thu
79,242.41452592246614,Jan 31,Thu
83,1.1570393759286777,Jan 31,Thu
84,-65.96146826201581,Jan 31,Thu
102,64.06807017543859,Jan 31,Thu
104,166.4415487714073,Jan 31,Thu
111,88.14685314685315,Jan 31,Thu
114,205.87745098039215,Jan 31,Thu
116,572.46,Jan 31,Thu
118,-174.01604278074868,Jan 31,Thu
120,323.9804294645284,Jan 31,Thu
122,161.83267807585568,Jan 31,Thu
123,80.40963383591149,Jan 31,Thu
130,2.231327048585932,Jan 31,Thu
331,24.524714828897338,Jan 31,Thu
332,305.09776119402983,Jan 31,Thu
140,-159.10825780463242,Jan 31,Thu
142,1116.174844895657,Jan 31,Thu
145,-213.73683063918784,Jan 31,Thu
747,204.82275368797497,Jan 31,Thu
150,8.655690607734806,Jan 31,Thu
151,-1.8181818181818181,Jan 31,Thu
171,-87.4894325605226,Jan 31,Thu
